,PC1,PC2,distance
device/google/cuttlefish,-0.263785375583707,-0.052749736712410795,0.26900791641709365
device/google/gs-common,-0.53521714834389,-0.33482863729217216,0.6313221144806338
kernel/common,2.0886864454980643,1.9789471365723446,2.87729783598348
platform/bionic,2.181430647540492,0.42934165128443386,2.223279992163959
platform/bootable/libbootloader,2.2578289288959863,3.649719824931735,4.2916484330219005
platform/build,0.13492980684624323,0.23635321211827554,0.27215600977048265
platform/developers/build,-0.535038879662344,-0.33480615942807573,0.6311590664335848
platform/developers/samples/android,-0.535038879662344,-0.33480615942807573,0.6311590664335848
platform/development,-0.25348734789183924,-0.23412912970504224,0.3450685220614579
platform/external/angle,0.024979440235538556,0.13366390478653048,0.13597798306072764
platform/external/clang,-0.5369775515741572,-0.33505060620012433,0.6329326975355654
platform/external/flashrom,-0.17985421964587864,-0.22304231304875197,0.2865229724377531
platform/external/flatbuffers,3.3857411674014575,4.25611064092624,5.438540340977765
platform/external/gsc-utils,-0.4496974910011097,-0.26026450512026056,0.5195819916415381
platform/external/harfbuzz_ng,0.15808832451560786,-0.2515985348979377,0.2971426275560963
platform/external/kythe,0.29570417460369786,-0.01441340627533558,0.29605524004569167
platform/external/libchromeos-rs,0.0003621012955648374,0.03147234706894971,0.03147443005642322
platform/external/mesa3d,2.5808452488630786,3.0991807808034038,4.033073729883985
platform/external/minijail,0.9507931303645474,-0.2406489435106863,0.9807749439913444
platform/external/n2,0.009452327427112914,0.12352988244956117,0.12389099382841252
platform/external/opencv3,-0.53336761077285,-0.3345954294521718,0.6296309312857984
platform/external/open-dice,-0.4810361340263332,-0.29570419067828596,0.5646562942389826
platform/external/pigweed,-0.07314517489186464,0.07260008735484415,0.10305818402190321
platform/external/python/bumble,-0.31106961104462644,-0.24198037133377354,0.39410506597389244
platform/external/rust/beto-rust,2.314260620901833,5.175661410773552,5.6695037931398735
platform/external/rust/crabbyavif,1.206410519225149,2.6540230221131287,2.915349814825589
platform/external/rust/crates/aarch64-paging,-0.21881798861850874,-0.15469344876069022,0.26797644529422004
platform/external/rust/crates/acpi,-0.03175168724790962,0.036710983750154275,0.048537263736155925
platform/external/rust/crates/ahash,-0.38591635825243203,-0.2887364770287782,0.48197529888346935
platform/external/rust/crates/aho-corasick,-0.037553072001720665,0.13479740683194394,0.13993060460593681
platform/external/rust/crates/android_logger,-0.18344041493931526,-0.2779156422128046,0.33299773275453964
platform/external/rust/crates/android_log-sys,-0.3367889916644855,-0.2861412960146379,0.4419317438149442
platform/external/rust/crates/anes,-0.43031749295563476,-0.2913574170434766,0.5196751766342791
platform/external/rust/crates/annotate-snippets,-0.46428849667376115,-0.32588525711480815,0.5672433419162941
platform/external/rust/crates/anyhow,0.19962357612944379,0.35627311564797415,0.40838719994659795
platform/external/rust/crates/arbitrary,-0.43740417881660365,-0.2923407771616865,0.526104120529127
platform/external/rust/crates/arc-swap,-0.1300727373597403,0.09008102176524502,0.1582198075037589
platform/external/rust/crates/argh,-0.44614965832645204,-0.3235981344429972,0.5511490453949802
platform/external/rust/crates/argh_derive,-0.48220449916913777,-0.32814428245649857,0.5832665335229249
platform/external/rust/crates/argh_shared,-0.533456745113623,-0.33460666838422,0.6297124116883899
platform/external/rust/crates/arrayvec,-0.1328169912074727,-0.1542953705284615,0.2035863809784955
platform/external/rust/crates/ash,5.933983351688074,1.9906982069102197,6.258996546500628
platform/external/rust/crates/asn1-rs,-0.25759862529357097,-0.26753099776643263,0.3713891308574344
platform/external/rust/crates/asn1-rs-derive,-0.521200773257333,-0.33306131522759097,0.6185305859415318
platform/external/rust/crates/asn1-rs-impl,-0.5345040736177059,-0.3347387258357865,0.6306699765234491
platform/external/rust/crates/async-stream,-0.45567104146054116,-0.27970967355724763,0.5346714874642524
platform/external/rust/crates/async-stream-impl,-0.3464801053544789,-0.2869217470067179,0.4498583691694952
platform/external/rust/crates/async-task,-0.19021045346776413,-0.06683232096642304,0.20160995941215665
platform/external/rust/crates/async-trait,-0.3876939831926366,-0.1884275257648831,0.4310586469027713
platform/external/rust/crates/atomic,0.3339895470339821,0.2239784425696921,0.40213848393794566
platform/external/rust/crates/atty,-0.03914080836714883,-0.23096278752488342,0.23425586887183492
platform/external/rust/crates/axum,-0.13174093612206994,-0.2516616257143585,0.28405852936941217
platform/external/rust/crates/axum-core,-0.45612308578027483,-0.29256290917081096,0.5418868195520242
platform/external/rust/crates/base64,-0.32077563547613014,-0.21091142926544273,0.38390186156087724
platform/external/rust/crates/bencher,-0.47283608815896777,-0.2955492734654681,0.5576050029469258
platform/external/rust/crates/bincode,-0.391535464849309,-0.2881522056797797,0.4861396032755268
platform/external/rust/crates/bindgen,0.42131405680891554,-0.018654202129533802,0.42172682357407104
platform/external/rust/crates/bindgen-cli,-0.4946959717497982,-0.29742655701467435,0.5772232334921044
platform/external/rust/crates/bit_field,-0.5140923095806849,-0.3321650103967461,0.6120657619095135
platform/external/rust/crates/bitflags,-0.25305060746330943,-0.1802910315203005,0.310708007595884
platform/external/rust/crates/bitreader,-0.5196632058789985,-0.33286744364975934,0.6171309282367593
platform/external/rust/crates/bstr,0.14418345397006108,0.3790670747211488,0.40556222153497695
platform/external/rust/crates/buddy_system_allocator,-0.07210306047843898,-0.17287803382338943,0.18731168118672792
platform/external/rust/crates/bytemuck,0.4654914182064749,0.610754315303299,0.7679212811776197
platform/external/rust/crates/bytemuck_derive,-0.4399495826425431,-0.22681612574571264,0.49497594907797565
platform/external/rust/crates/byteorder,-0.20148181155026215,-0.24058734960300443,0.31381076013192033
platform/external/rust/crates/bytes,0.2656301143732693,0.46755984664662525,0.5377467506718863
platform/external/rust/crates/camino,-0.27760988775722695,-0.2742478160550255,0.3902295662703318
platform/external/rust/crates/cast,-0.5045230328200234,-0.2986656492729896,0.5862974165912476
platform/external/rust/crates/cbindgen,4.30232393575644,12.036663143162627,12.782458717717512
platform/external/rust/crates/cesu8,-0.4403266637295543,-0.29431698466826184,0.5296320026730049
platform/external/rust/crates/cexpr,-0.39170994453368196,-0.22875663117075581,0.45361467894147056
platform/external/rust/crates/cfg-if,-0.5333230436024634,-0.3345898099861477,0.6295901919375504
platform/external/rust/crates/chrono,0.24904172296504595,-0.07746222355408153,0.26081061300365294
platform/external/rust/crates/ciborium,-0.367626229660928,-0.286988463719207,0.4663811992808243
platform/external/rust/crates/ciborium-io,-0.5316963418833558,-0.33438469947626787,0.6281035959266403
platform/external/rust/crates/ciborium-ll,-0.5116411152094269,-0.3318559397654203,0.609840139323689
platform/external/rust/crates/clang-sys,-0.3349702497741994,-0.1847258762696023,0.38252936828087064
platform/external/rust/crates/clap,0.9101822754716831,-0.0879929536082204,0.9144257949486712
platform/external/rust/crates/clap_complete,-0.4461846067840833,-0.29130976824743543,0.532862162671963
platform/external/rust/crates/clap_derive,-0.42938278354836945,-0.28919122955634763,0.5176882672613491
platform/external/rust/crates/clap_lex,-0.5267271023852601,-0.3337581290145801,0.6235671006960561
platform/external/rust/crates/codespan-reporting,-0.39538788539297826,-0.2532326207231995,0.4695299139712727
platform/external/rust/crates/combine,-0.010652898935808867,-0.14563499709659372,0.14602409607685102
platform/external/rust/crates/command-fds,-0.28384367151067635,-0.216786993103729,0.35716079045104737
platform/external/rust/crates/config,-0.33800741938358825,-0.30996250013550497,0.45861287274629114
platform/external/rust/crates/configparser,-0.4928337693063201,-0.32948452510324777,0.5928281171226513
platform/external/rust/crates/const_fn,-0.4740867016057206,-0.2302423923883659,0.5270386702056215
platform/external/rust/crates/const-oid,-0.39987931675250055,-0.2854711430483897,0.4913219326264612
platform/external/rust/crates/cortex-a,-0.2941847749299645,-0.13667855665976344,0.3243851255085381
platform/external/rust/crates/coset,-0.30262108609670024,-0.30550064411236516,0.4300118199577966
platform/external/rust/crates/cov-mark,-0.5314957896166166,-0.33435941187915935,0.6279203697065163
platform/external/rust/crates/crc32fast,-0.3379917945480632,-0.16099145007358542,0.3743750795373751
platform/external/rust/crates/criterion,-0.13075271136249592,-0.0937642040496045,0.16089747508802008
platform/external/rust/crates/criterion-plot,-0.470839870720578,-0.3267113186203517,0.5730885355464891
platform/external/rust/crates/critical-section,-0.2550499132729013,-0.1835954271908592,0.3142574408759617
platform/external/rust/crates/crossbeam-channel,0.17175126759162085,0.15050150682370836,0.22836199656583686
platform/external/rust/crates/crossbeam-deque,-0.296763834871298,-0.29043426593022537,0.41523588057145044
platform/external/rust/crates/crossbeam-epoch,0.3166473050087696,0.05707825533701762,0.32175059129958805
platform/external/rust/crates/crossbeam-queue,-0.32908966990611294,-0.2556984537189674,0.4167513768101856
platform/external/rust/crates/crossbeam-utils,-0.05045841451086555,-0.022502779883587665,0.0552487710038832
platform/external/rust/crates/csv,-0.19320223572664602,-0.2615037511444891,0.3251327663469392
platform/external/rust/crates/csv-core,-0.46248352627310757,-0.32565766874083185,0.5656358627984276
platform/external/rust/crates/darling,-0.47413784132917963,-0.3271271591061355,0.5760372130384852
platform/external/rust/crates/darling_core,-0.3153131109441,-0.2748082062676494,0.41826057448113524
platform/external/rust/crates/darling_macro,-0.5367547157222247,-0.33502250887000384,0.6327287778342296
platform/external/rust/crates/dashmap,0.07813808511734212,0.08216761107283091,0.1133890499793565
platform/external/rust/crates/data-encoding,-0.3570211080989715,-0.25915855050531705,0.44116575788271967
platform/external/rust/crates/debug_tree,-0.4875079924451323,-0.3288129989133672,0.5880323383558809
platform/external/rust/crates/der,-0.2517157588025518,-0.26678922825125073,0.36679328720744386
platform/external/rust/crates/der_derive,-0.4590868026109776,-0.292936603661414,0.5445847464777682
platform/external/rust/crates/derive_arbitrary,-0.5245878782067077,-0.333488394645423,0.6216164020717254
platform/external/rust/crates/derive-getters,-0.5094127566901014,-0.331574966464215,0.6078184885838483
platform/external/rust/crates/der-oid-macro,-0.5356405364625619,-0.33488202221940117,0.631709389757392
platform/external/rust/crates/der-parser,-0.3303099637791602,-0.2766991565847609,0.43089104820883456
platform/external/rust/crates/displaydoc,-0.02395464580281748,0.3680628078033336,0.3688415046379842
platform/external/rust/crates/document-features,-0.5172788622633202,-0.3325668022174697,0.6149618681524803
platform/external/rust/crates/downcast,-0.5227383406356676,-0.3332551868054226,0.6199309576906515
platform/external/rust/crates/downcast-rs,-0.5054366598129468,-0.29878084832648377,0.5871424123750233
platform/external/rust/crates/drm,-0.08983243923966219,0.1197106329120344,0.14966797510472124
platform/external/rust/crates/drm-ffi,0.34912264145263106,-0.0940500740175347,0.36156885263745564
platform/external/rust/crates/drm-fourcc,-0.5104823687793776,-0.3317098336487936,0.6087886846631717
platform/external/rust/crates/either,-0.46250218063677834,-0.29513687449145776,0.5486474658452015
platform/external/rust/crates/enum-as-inner,-0.5182593400118234,-0.33269043047,0.6158536076339933
platform/external/rust/crates/enumn,-0.5318968941500951,-0.3344099870733763,0.6282868337478776
platform/external/rust/crates/env_logger,-0.43841725426439276,-0.32262315708781486,0.5443302217643606
platform/external/rust/crates/epoll,-0.15653847920569863,-0.2712589661777171,0.3131864016904898
platform/external/rust/crates/equivalent,-0.535038879662344,-0.33480615942807573,0.6311590664335848
platform/external/rust/crates/errno,0.0798847671081038,-0.19091711442634943,0.20695632533653033
platform/external/rust/crates/etherparse,2.20867269257656,1.798997286228844,2.848618313988755
platform/external/rust/crates/fallible-iterator,-0.469436004853403,-0.32653430544059237,0.5718346048310597
platform/external/rust/crates/fallible-streaming-iterator,-0.5176131160412191,-0.33260894821265047,0.6152658371216674
platform/external/rust/crates/fastrand,-0.4996652112478939,-0.2980531274763621,0.5818083792193466
platform/external/rust/crates/fixedbitset,-0.037847289536587586,-0.15336379891211224,0.15796478133438824
platform/external/rust/crates/flagset,-0.46506790737757164,-0.29570341375468895,0.5511158384393705
platform/external/rust/crates/flate2,-0.30760724309942716,-0.2489849975050452,0.3957470719914646
platform/external/rust/crates/fnv,-0.5294679833640304,-0.33410372617506257,0.6260684030133085
platform/external/rust/crates/foreign-types,0.0419054369145718,-0.25689837554783446,0.2602937590533383
platform/external/rust/crates/foreign-types-shared,-0.5200992588701083,-0.3006296526484145,0.6007340735539665
platform/external/rust/crates/form_urlencoded,-0.42976545686835577,-0.293482470382143,0.5204135935377476
platform/external/rust/crates/fragile,-0.1891403807276901,-0.1812163836513954,0.2619417136034375
platform/external/rust/crates/fs-err,-0.4905831272018014,-0.32920074206903044,0.5908002482006073
platform/external/rust/crates/futures,-0.33909931505805774,-0.31010017705309556,0.45951111551430956
platform/external/rust/crates/futures-channel,-0.3589438548438459,-0.22166762288203642,0.4218734715105142
platform/external/rust/crates/futures-core,-0.42273742539884207,-0.2600075925858692,0.49629716807084534
platform/external/rust/crates/futures-executor,-0.4460196251341471,-0.260762408737379,0.5166532103987402
platform/external/rust/crates/futures-io,-0.5252118185921189,-0.3335670671697605,0.62218521574293
platform/external/rust/crates/futures-macro,-0.44001296746430024,-0.2611351118956607,0.5116668429764611
platform/external/rust/crates/futures-sink,-0.37439643473440315,-0.288915071580221,0.4729107832647046
platform/external/rust/crates/futures-task,0.09274102973065446,-0.01890295306240238,0.09464787493642697
platform/external/rust/crates/futures-test,-0.37573896686358477,-0.21019514893095592,0.43053660919115905
platform/external/rust/crates/futures-util,0.49270489880090684,0.48791201662606015,0.693409152860359
platform/external/rust/crates/fxhash,-0.5286880578822665,-0.3340053855196407,0.6253564264509053
platform/external/rust/crates/gbm,0.2349009365180771,-0.14507891120771108,0.2760911814134682
platform/external/rust/crates/gdbstub,-0.12082289803264434,-0.09250000816278205,0.15216577867287218
platform/external/rust/crates/gdbstub_arch,-0.44750895702324056,-0.3237695281567324,0.5523504086889605
platform/external/rust/crates/getrandom,0.6159228878700109,0.728379003737732,0.9538852011055131
platform/external/rust/crates/glam,3.95352836013296,2.354216363565771,4.601382529290132
platform/external/rust/crates/glob,-0.497290486344971,-0.3300464717056583,0.5968488094103662
platform/external/rust/crates/googletest,-0.1409091083492528,-0.28511041164389805,0.3180303816359916
platform/external/rust/crates/googletest_macro,-0.5339692675730678,-0.33467129224349723,0.6301809681071389
platform/external/rust/crates/gpio-cdev,-0.13470407783643687,-0.1494418504400958,0.20119158841443846
platform/external/rust/crates/grpcio,0.3752826127303879,0.27224277163206256,0.4636304197565704
platform/external/rust/crates/grpcio-compiler,-0.48850113506607346,-0.29664545123732367,0.5715171762078876
platform/external/rust/crates/grpcio-sys,2.112671879526122,-0.8138938018595018,2.264024202884269
platform/external/rust/crates/h2,0.07696596299340777,-0.1612628555615267,0.17868818663627553
platform/external/rust/crates/half,-0.1418895969267026,-0.18699300350333464,0.23473184929876953
platform/external/rust/crates/hashbrown,0.27408303538629436,0.10379460105492584,0.2930781968941325
platform/external/rust/crates/hashlink,-0.17020497728109799,-0.14648750048042214,0.22456251265128996
platform/external/rust/crates/heck,-0.5020941220339586,-0.29835938837467585,0.5840520798801785
platform/external/rust/crates/hex,-0.5194403700270659,-0.3328393463196388,0.6169281388235907
platform/external/rust/crates/hickory-proto,0.5512605687639337,-0.13324932323335467,0.5671363123765597
platform/external/rust/crates/hound,-0.42349744878578227,-0.291164262167349,0.5139325993664179
platform/external/rust/crates/http,0.039459132793542365,0.05343398001561058,0.06642449383418049
platform/external/rust/crates/httparse,-0.048591064911998015,0.10720625447726817,0.11770417404802086
platform/external/rust/crates/http-body,-0.4408939939418568,-0.29424177333674995,0.5300620105896643
platform/external/rust/crates/httpdate,-0.5070410779468612,-0.2989831491033516,0.5886268581820505
platform/external/rust/crates/hyper,0.4336286395901128,0.3603929183201341,0.5638411590581827
platform/external/rust/crates/hyper-timeout,-0.52864349071188,-0.3339997660536166,0.6253157474395732
platform/external/rust/crates/ident_case,-0.5339024168174881,-0.3346628630444611,0.6301198477945846
platform/external/rust/crates/idna,-0.16025126029699763,-0.2875492598983599,0.3291884616672805
platform/external/rust/crates/indexmap,-0.25395974239287183,-0.17517918213568323,0.30851790322440076
platform/external/rust/crates/inotify,-0.24964416004662937,-0.08452467784538957,0.2635652249638673
platform/external/rust/crates/inotify-sys,-0.5217578628871644,-0.3331315585528923,0.6190378847764166
platform/external/rust/crates/instant,-0.41003460756244803,-0.291877807931578,0.5033100775484571
platform/external/rust/crates/intrusive-collections,0.40173638942623996,0.39760695027401133,0.5652286382477728
platform/external/rust/crates/ipnet,-0.4490688079867684,-0.3239662094675761,0.5537299876144026
platform/external/rust/crates/itertools,-0.11018594619386275,-0.21974215574594302,0.24582017360361436
platform/external/rust/crates/itoa,-0.3135947083262405,-0.28489420035794005,0.423681893037465
platform/external/rust/crates/jni,1.2545708548970225,1.778070644671061,2.1761165518873313
platform/external/rust/crates/jni-sys,-0.48747609014718374,-0.29651620351876923,0.5705740945875211
platform/external/rust/crates/kernlog,-0.42912542919460733,-0.29318208014614705,0.5197156588946285
platform/external/rust/crates/lazy_static,-0.42367957758215635,-0.259936637875471,0.4970628131033323
platform/external/rust/crates/lazycell,-0.23294086052683236,-0.28084102647089776,0.36487412439389105
platform/external/rust/crates/libbpf-rs,0.7941651516021855,0.36342559142847164,0.8733707394482922
platform/external/rust/crates/libbpf-sys,1.7562713680415467,-0.6004327425266387,1.8560734351044914
platform/external/rust/crates/libc,4.516180257126647,4.1210168819487345,6.113809308129179
platform/external/rust/crates/libfuzzer-sys,-0.3873184244411901,-0.2913648330018626,0.48467414602164327
platform/external/rust/crates/libloading,0.13064016191840833,0.22782084411328626,0.26261985629148116
platform/external/rust/crates/libm,0.03264256103668268,0.1772834135135202,0.18026354456195337
platform/external/rust/crates/libsqlite3-sys,5.191446828943853,5.512945606473926,7.572561616632205
platform/external/rust/crates/libtest-mimic,-0.49203156023936295,-0.3293833747148139,0.5921051121296803
platform/external/rust/crates/libusb1-sys,0.1312044621177394,-0.025896243037983595,0.13373565823327607
platform/external/rust/crates/libz-sys,-0.4196108565418552,-0.2951479230210473,0.5130161473008695
platform/external/rust/crates/linked-hash-map,0.15137030280823457,-0.22009668354170664,0.2671245377690241
platform/external/rust/crates/linkme,-0.4113547485494699,-0.2435403729160061,0.47804251107434464
platform/external/rust/crates/linkme-impl,-0.4651077844660957,-0.2627759554731384,0.5342063776723196
platform/external/rust/crates/litrs,-0.44037820976139913,-0.3228704135928755,0.5460570223028812
platform/external/rust/crates/lock_api,0.45315040228783693,-0.20466193631209254,0.49722408959003933
platform/external/rust/crates/log,-0.36609858467117684,-0.2373055325401365,0.4362821214219036
platform/external/rust/crates/lru-cache,-0.5247438633030604,-0.33350806277650735,0.6217585946419718
platform/external/rust/crates/lz4_flex,0.003355010874324562,-0.038413761374959735,0.03855999430678361
platform/external/rust/crates/macaddr,-0.4991972559588356,-0.297994123083109,0.5813762961704771
platform/external/rust/crates/managed,-0.49945199410871666,-0.33031901580782747,0.5988012580342708
platform/external/rust/crates/maplit,-0.5289777444897789,-0.3340419120487974,0.6256208541686492
platform/external/rust/crates/matchit,-0.42021934880477413,-0.25876906186105153,0.4935035242897027
platform/external/rust/crates/maybe-async,-0.4006929603879742,-0.1778263875152498,0.43838005497650373
platform/external/rust/crates/memoffset,-0.3434986793747494,-0.2553079183589904,0.427987705324578
platform/external/rust/crates/merge_derive,-0.5341698198398072,-0.3346965798406057,0.6303643367011581
platform/external/rust/crates/mime,-0.4760426110621053,-0.2960090222882667,0.5605692721001415
platform/external/rust/crates/minimal-lexical,-0.12951132391773487,-0.010530204261002244,0.129938709492987
platform/external/rust/crates/mls-rs,0.4157794169486296,-0.21491766153679528,0.4680407298500707
platform/external/rust/crates/mls-rs-codec-derive,-0.5301364909198281,-0.33418801816542415,0.6266788096705703
platform/external/rust/crates/mls-rs-core,-0.43504948348235073,-0.29135921681705024,0.5236012283240988
platform/external/rust/crates/mls-rs-crypto-traits,-0.5281978190080149,-0.33394357139337555,0.6249089892774676
platform/external/rust/crates/mls-rs-uniffi,-0.5108611897276629,-0.33175759910999847,0.6091323827684698
platform/external/rust/crates/mockall,-0.479966521937057,-0.29556932349370746,0.5636746288160248
platform/external/rust/crates/nom,-0.09075615119721242,-0.24956449264915911,0.2655543540809743
platform/external/rust/crates/no-panic,-0.4802044736767422,-0.2971282769787148,0.5646959797266994
platform/external/rust/crates/num_cpus,-0.18974834365710533,-0.24659159248944312,0.31114602264386176
platform/external/rust/crates/num_enum,-0.38757136312829016,-0.2245520903289437,0.4479232108165629
platform/external/rust/crates/num_enum_derive,-0.45140427342846984,-0.29497952354538265,0.5392390354754983
platform/external/rust/crates/num-bigint,-0.08610497420103604,-0.12036388462183602,0.1479916595738413
platform/external/rust/crates/num-derive,-0.5093904731049081,-0.331572156731203,0.607798280031643
platform/external/rust/crates/octets,-0.46507977258742694,-0.2957098704845774,0.551129315471404
platform/external/rust/crates/oid-registry,-0.5031637341232349,-0.2984942555592544,0.5850406515266361
platform/external/rust/crates/os_str_bytes,-0.3541719416249904,-0.18840376007922027,0.40116547838317795
platform/external/rust/crates/p9,-0.23651444157495138,-0.2218945783523008,0.32430893446782566
platform/external/rust/crates/parking_lot,-0.10334729338529455,-1.5324566039699573e-05,0.10334729452147488
platform/external/rust/crates/parking_lot_core,0.17506047318145876,0.31936644759569843,0.3641992546950258
platform/external/rust/crates/paste-impl,-0.5248107140586402,-0.3335164919755435,0.621819536530023
platform/external/rust/crates/pdl-compiler,0.6042382694810547,-0.09427660220211939,0.6115488239120703
platform/external/rust/crates/percore,-0.13823490261041774,-0.18859462880900787,0.2338307557087372
platform/external/rust/crates/pest_derive,-0.4973350535153575,-0.33005209117168244,0.5968890502781267
platform/external/rust/crates/pest_meta,-0.3901413900230484,-0.28424328972212265,0.4827054505194352
platform/external/rust/crates/petgraph,0.17135391103415143,-0.09043213455025143,0.19375276458934634
platform/external/rust/crates/pin-project-internal,-0.39174022712908063,-0.18976541950661305,0.4352830343485311
platform/external/rust/crates/pin-project-lite,0.0611974254270757,0.3274299077859054,0.3330997889395744
platform/external/rust/crates/pin-utils,-0.20427529579351808,-0.17599905184166523,0.26963690904750864
platform/external/rust/crates/plotters,-0.08436826654148107,-0.2461990014279451,0.26025363148922953
platform/external/rust/crates/plotters-backend,-0.5028390990580913,-0.33074609522565945,0.6018638874767067
platform/external/rust/crates/plotters-svg,-0.5187272953008818,-0.3327494348632531,0.616279314346979
platform/external/rust/crates/poll_token_derive,-0.5322979986835737,-0.33446056226759324,0.6286533441531131
platform/external/rust/crates/portable-atomic,1.8132583168311163,2.3793164014670274,2.9914966591736682
platform/external/rust/crates/ppv-lite86,0.3566272090687982,-0.08781851858349563,0.3672806262987473
platform/external/rust/crates/predicates,-0.40643373695900015,-0.22171204296377364,0.46297366289415204
platform/external/rust/crates/predicates-core,-0.5307604313052392,-0.3342666906897616,0.6272486396509827
platform/external/rust/crates/predicates-tree,-0.5346823422992519,-0.33476120369988294,0.6308329974479846
platform/external/rust/crates/prettyplease,-0.19269036773196418,-0.04236801564683716,0.19729325017985339
platform/external/rust/crates/proc-macro2,-0.35424533286700804,-0.21572396082841228,0.4147608746417093
platform/external/rust/crates/proc-macro-error,-0.48542600030940436,-0.29625770808166035,0.5686888704504284
platform/external/rust/crates/proc-macro-error-attr,-0.5312506701794908,-0.3343285048160268,0.627696442318003
platform/external/rust/crates/proc-macro-hack,-0.5130226974914086,-0.3320301432121676,0.6110943496243881
platform/external/rust/crates/proc-macro-nested,-0.5332784764320769,-0.3345841905201236,0.6295494531581484
platform/external/rust/crates/protobuf,1.4472863475415032,0.6785491494085676,1.5984576065517395
platform/external/rust/crates/protobuf-codegen,-0.15462922427522502,-0.18996205992757711,0.2449403625617596
platform/external/rust/crates/protobuf-json-mapping,-0.4588098351259747,-0.29365499458623584,0.5447382129553298
platform/external/rust/crates/protobuf-parse,-0.29824632748660573,-0.14640524919929138,0.3322429364973081
platform/external/rust/crates/protobuf-support,-0.5037527260510147,-0.3308612942791536,0.6026906379361682
platform/external/rust/crates/psci,-0.4313052112987317,-0.2939294079210994,0.5219374312446767
platform/external/rust/crates/ptr_meta,-0.2237309348842823,-0.27852464669706506,0.3572555248584966
platform/external/rust/crates/ptr_meta_derive,-0.5355068349514024,-0.33486516382132886,0.6315870868065258
platform/external/rust/crates/quiche,2.0651926965106675,4.296628513734467,4.767183388412602
platform/external/rust/crates/quickcheck,-0.47953046894594725,-0.3278071144950523,0.5808674332075198
platform/external/rust/crates/quote,-0.4657814968817092,-0.3260735092266157,0.5685739496817679
platform/external/rust/crates/rand,-0.1725142581134397,-0.03963477531718449,0.1770087135337529
platform/external/rust/crates/rand_chacha,-0.4817305679521044,-0.29699726604889126,0.5659255393953987
platform/external/rust/crates/rand_core,-0.4627740620928566,-0.2951845829997966,0.5489023324660653
platform/external/rust/crates/rand_xorshift,-0.5330556405801444,-0.33455609319000307,0.6293457677976917
platform/external/rust/crates/rayon,0.37249121537248314,0.2330129346376169,0.43936856195920976
platform/external/rust/crates/rayon-core,-0.017637502773179114,0.13219596333412714,0.13336736567058596
platform/external/rust/crates/regex,-0.00029557728750990834,-0.17557980109116514,0.1755800498836528
platform/external/rust/crates/regex-automata,-0.15819867034906437,-0.06881703344909824,0.17251841464883175
platform/external/rust/crates/regex-syntax,0.6322072150582718,-0.15533554886215273,0.651010825956099
platform/external/rust/crates/remain,-0.5114628465278809,-0.3318334619013239,0.6096783494727528
platform/external/rust/crates/remove_dir_all,-0.47079047598503315,-0.29653777857959546,0.5563976333550811
platform/external/rust/crates/ring,0.6894087607188932,0.8378379683763997,1.0850147006419097
platform/external/rust/crates/rusb,0.10798255720074197,0.11220496704623045,0.15572471637301888
platform/external/rust/crates/rusqlite,1.057772262720117,1.4302618261731521,1.7789128846540507
platform/external/rust/crates/rustc-demangle,-0.45792938663585014,-0.29353899895325863,0.5439342488308372
platform/external/rust/crates/rustc-demangle-capi,0.22038143642532027,-0.1621274721199689,0.2735933017032741
platform/external/rust/crates/rustc-hash,-0.5343480885213532,-0.3347190577047021,0.6305273406420594
platform/external/rust/crates/rusticata-macros,-0.5064617047318366,-0.2989100960450382,0.588090727590167
platform/external/rust/crates/rustix,6.9184340957504755,10.452881795739398,12.53504958797303
platform/external/rust/crates/rust-stemmers,0.0007476427242656383,-0.2672489388862785,0.26724998466882083
platform/external/rust/crates/rustversion,-0.4421530860187041,-0.24513647687543774,0.5055603265395393
platform/external/rust/crates/ryu,-0.03753915328855855,0.2667996472819066,0.26942761517589775
platform/external/rust/crates/same-file,-0.44493626433544814,-0.29474124569543325,0.5337046760474181
platform/external/rust/crates/scopeguard,-0.4246697042728696,-0.29330496815694745,0.5161125478737699
platform/external/rust/crates/sec1,-0.4887908216735858,-0.29668197776648036,0.5717837557011999
platform/external/rust/crates/semver,-0.11924214860653076,-0.1216811574360906,0.17036723299768836
platform/external/rust/crates/serde,-0.14815951094032795,-0.22247654271638695,0.2672958150460151
platform/external/rust/crates/serde_cbor,-0.3940283525594299,-0.3170261689278057,0.5057310890243352
platform/external/rust/crates/serde_derive,-0.34803503272055275,-0.31122687999092874,0.4668945864214793
platform/external/rust/crates/serde_json,0.023502353839059922,-0.13875751850810078,0.1407338252819922
platform/external/rust/crates/serde_spanned,-0.5156648254166506,-0.300070515779016,0.5966175714910427
platform/external/rust/crates/serde_test,-0.47126325883924985,-0.3267647035475807,0.5734668522384951
platform/external/rust/crates/serde_yaml,0.019924510674041197,0.0263276162399921,0.03301710923870043
platform/external/rust/crates/serde-xml-rs,-0.45401576389967085,-0.3245899701962518,0.5581119624424882
platform/external/rust/crates/sharded-slab,-0.14849401259103562,-0.1167943044054889,0.18892162744627372
platform/external/rust/crates/shared_child,-0.3382880085016204,-0.22089723475315223,0.4040227283428268
platform/external/rust/crates/shared_library,-0.10930830252798171,-0.2379382749660231,0.26184523615173066
platform/external/rust/crates/shlex,-0.4257031209951249,-0.2935618238783183,0.5171089746501744
platform/external/rust/crates/siphasher,-0.3618608709110799,-0.22547357691266479,0.42635856245924814
platform/external/rust/crates/slab,-0.4430085498754495,-0.293150406795121,0.5312191038233599
platform/external/rust/crates/smallvec,-0.19822584579538513,-0.24035887816182716,0.3115539700477397
platform/external/rust/crates/smccc,-0.4315687059932907,-0.29394555251207066,0.5221642805040861
platform/external/rust/crates/smoltcp,0.7627771414486698,0.044134325713958006,0.7640528818235226
platform/external/rust/crates/socket2,0.3258576773785898,-0.05020874732354384,0.32970311526336626
platform/external/rust/crates/spin,-0.04252691968447628,-0.08726610627956362,0.0970768365937312
platform/external/rust/crates/spki,-0.49799394235839983,-0.29784239750045816,0.580265508516991
platform/external/rust/crates/standback,-0.1612567807924162,-0.01542571258222483,0.16199290712930237
platform/external/rust/crates/static_assertions,-0.4804433043458773,-0.2967077233573871,0.5646779983235658
platform/external/rust/crates/strsim,-0.48841200072530044,-0.2966342123052754,0.5714351567434944
platform/external/rust/crates/structopt,-0.37743974646289336,-0.28264174190525254,0.4715369725453229
platform/external/rust/crates/structopt-derive,-0.4699389086000925,-0.2943049436382837,0.5544889337634967
platform/external/rust/crates/strum,-0.5301364909198281,-0.33418801816542415,0.6266788096705703
platform/external/rust/crates/strum_macros,-0.4735361845289618,-0.32705129631481006,0.575498973482529
platform/external/rust/crates/syn,1.0561751470535061,0.4980250988441804,1.1677049885704227
platform/external/rust/crates/sync_wrapper,-0.3133935759860792,-0.28414419250736617,0.4230289063468424
platform/external/rust/crates/syn-mid,-0.4809819481431915,-0.26340458555067603,0.5483845458514884
platform/external/rust/crates/synstructure,-0.4602232654558336,-0.29307990004502865,0.5456200893270285
platform/external/rust/crates/tempfile,-0.3894569334684158,-0.22226908147278246,0.44841972258741747
platform/external/rust/crates/termcolor,-0.48033267801290436,-0.3279082648834862,0.5815868909681055
platform/external/rust/crates/terminal-size,-0.01814726367545297,-0.19480460220655296,0.1956480416967156
platform/external/rust/crates/termtree,-0.531183819423911,-0.3343200756169906,0.6276353742248157
platform/external/rust/crates/textwrap,-0.4165474384770549,-0.2875728233414052,0.5061718060365896
platform/external/rust/crates/thiserror,-0.49403708290675585,-0.32963625068589864,0.5939130382920326
platform/external/rust/crates/thiserror-impl,-0.5024825616949993,-0.33070113949746666,0.6015413273188233
platform/external/rust/crates/thread_local,-0.08935251926299127,-0.1917200158177148,0.21151935411159908
platform/external/rust/crates/threadpool,-0.4916208369931291,-0.29703881385901104,0.5743893316423914
platform/external/rust/crates/tikv-jemallocator,0.23156547547693282,0.06351200794675811,0.24011735586226798
platform/external/rust/crates/tikv-jemalloc-sys,-0.3696106700871057,-0.19026335768756877,0.41570685912164956
platform/external/rust/crates/time,-0.25715334963380415,-0.25597283647266583,0.3628359660228677
platform/external/rust/crates/time-macros,-0.5375123576187952,-0.3351180397924136,0.6334221619009122
platform/external/rust/crates/time-macros-impl,-0.5074421824803398,-0.2990337242975685,0.5889980787979573
platform/external/rust/crates/tinyjson,-0.48366559707913725,-0.29603573917370823,0.5670710437555793
platform/external/rust/crates/tinytemplate,-0.4824941857766501,-0.32818080898565527,0.5835265912490636
platform/external/rust/crates/tinyvec,-0.12340992141947554,-0.18602562397769118,0.2232387544335671
platform/external/rust/crates/tinyvec_macros,-0.5206117813295531,-0.30069427650769176,0.6012101752163004
platform/external/rust/crates/tock-registers,-0.3505250974982301,-0.22304459423412074,0.4154717017959313
platform/external/rust/crates/tokio,4.633481672651952,4.448723315130147,6.423417435087345
platform/external/rust/crates/tokio-io-timeout,-0.523651967628591,-0.33337038585891676,0.620763398863865
platform/external/rust/crates/tokio-macros,-0.5111508763351753,-0.33179412563915517,0.6093952413556157
platform/external/rust/crates/tokio-openssl,-0.2082161073084431,-0.27682912716343283,0.34639329235530697
platform/external/rust/crates/tokio-stream,-0.36865039518399584,-0.24924072143691794,0.4449989338096347
platform/external/rust/crates/tokio-test,-0.3596183594209069,-0.1955094316975341,0.40932786652667247
platform/external/rust/crates/tokio-util,-0.003145138315263752,-0.019213747595303043,0.019469463055722763
platform/external/rust/crates/toml,-0.3363265317813389,-0.27745778449801517,0.436002704301947
platform/external/rust/crates/toml_datetime,-0.5074198988951465,-0.2990309145645565,0.5889774542884267
platform/external/rust/crates/toml_edit,-0.06459981861733206,-0.07631670678845585,0.0999868806415489
platform/external/rust/crates/tonic,-0.12428960731946384,-0.1262674563137864,0.1771761186265815
platform/external/rust/crates/tower,-0.2053659016005826,-0.2609449835861809,0.33206541222929614
platform/external/rust/crates/tower-layer,-0.5066399734133826,-0.29893257390913464,0.5882556811491525
platform/external/rust/crates/tower-service,-0.5125674070747883,-0.29967996289034066,0.5937452542575206
platform/external/rust/crates/tracing,-0.2547074665104916,-0.23757070205772687,0.3483040797527276
platform/external/rust/crates/tracing-attributes,-0.42521575311723087,-0.2886658094830937,0.5139420067124146
platform/external/rust/crates/tracing-core,-0.22132823956512063,-0.07969889706146319,0.23524052334113085
platform/external/rust/crates/tracing-subscriber,0.1914626426471578,-0.01915466507629015,0.19241841056306982
platform/external/rust/crates/try-lock,-0.1981399619740779,-0.2751861476505424,0.3390971253045876
platform/external/rust/crates/tungstenite,-0.40283836708536375,-0.28645310409946045,0.49430165976275925
platform/external/rust/crates/twox-hash,-0.38601494865751884,-0.2569425742309239,0.4637100678651271
platform/external/rust/crates/ucd-trie,-0.3803907984211582,-0.3153066123244294,0.49408037736687566
platform/external/rust/crates/ucs2,-0.20930786252046127,-0.22835891001351447,0.30977019400750083
platform/external/rust/crates/uefi,1.8049372624402507,1.9386882693227006,2.648831955212477
platform/external/rust/crates/uefi-macros,-0.3821847187340382,-0.24098390225969007,0.4518167774464819
platform/external/rust/crates/uefi-raw,-0.15747094399979256,0.29407122077259523,0.3335790477396179
platform/external/rust/crates/uguid,-0.49576558383907443,-0.29756142419925286,0.5782095773080779
platform/external/rust/crates/unicode-bidi,-0.39331370994109904,-0.2852416438957686,0.4858584874631619
platform/external/rust/crates/unicode-ident,-0.4579408686587725,-0.29441448053658403,0.5444168674256683
platform/external/rust/crates/unicode-normalization,0.37869925894064543,-0.15648616115842626,0.40975730299324137
platform/external/rust/crates/unicode-segmentation,-0.27727503101921464,-0.2700119920160753,0.3870244419402934
platform/external/rust/crates/unicode-width,-0.5020718384487655,-0.2983565786416638,0.5840314880056404
platform/external/rust/crates/unicode-xid,-0.4818383430932904,-0.2958053410667199,0.5653927738116981
platform/external/rust/crates/uniffi,-0.5328328047282118,-0.3345279958598825,0.629142096674958
platform/external/rust/crates/uniffi_checksum_derive,-0.5345709243732857,-0.33474715503482266,0.63073110830941
platform/external/rust/crates/uniffi_core,-0.04287096996075878,0.18617689190079242,0.19104909092486053
platform/external/rust/crates/uniffi_macros,-0.257869100244213,-0.013603707377160747,0.2582276780578786
platform/external/rust/crates/uniffi_meta,-0.4993851433531369,-0.3303105866087913,0.5987408496400399
platform/external/rust/crates/unsafe-libyaml,1.7504587813872763,3.573423882573463,3.9791285716702136
platform/external/rust/crates/untrusted,-0.5105618844073954,-0.2994270869192559,0.5918868288706737
platform/external/rust/crates/url,-0.3722795734108136,-0.31428386950804216,0.4872026594876976
platform/external/rust/crates/userfaultfd,0.012443136392348704,-0.12054051605376112,0.12118105319638725
platform/external/rust/crates/userfaultfd-sys,0.2337150769342714,-0.16160439775565766,0.28414559394852706
platform/external/rust/crates/utf-8,-0.41275110205348514,-0.2592847615806918,0.48743415948651225
platform/external/rust/crates/uuid,-0.30902574959635476,-0.21522193036634213,0.3765865016489619
platform/external/rust/crates/v4l2r,0.8411574869070437,1.4513712696213312,1.677505433690755
platform/external/rust/crates/vhost,0.011603527498562853,0.016683491559061955,0.020321927590934766
platform/external/rust/crates/vhost-device-vsock,-0.3470285867548618,-0.18718964635483157,0.39429532552076185
platform/external/rust/crates/vhost-user-backend,-0.39695662951652466,-0.25799206422641424,0.47342842217269304
platform/external/rust/crates/virtio-bindings,0.8930641457530157,-0.1253357608102396,0.901816290253977
platform/external/rust/crates/virtio-drivers,0.19797252939029358,0.2148988159389335,0.2921893623750637
platform/external/rust/crates/virtio-queue,-0.43722660553639503,-0.2901802555765902,0.5247586924629011
platform/external/rust/crates/virtio-vsock,-0.426946945651145,-0.2936778670127912,0.5181991740383464
platform/external/rust/crates/vm-memory,0.13016282885388714,0.04347452608967691,0.13723117879683286
platform/external/rust/crates/vmm-sys-util,0.26948172511216684,0.2897609381674175,0.3957041842804943
platform/external/rust/crates/vsock,-0.3343512617983673,-0.28661637202255785,0.4403858660056356
platform/external/rust/crates/vsprintf,-0.10038044170049995,-0.234522161960911,0.2551017003604783
platform/external/rust/crates/vulkano,5.500692124516031,3.29799947458623,6.413611648913873
platform/external/rust/crates/walkdir,-0.4669402433117585,-0.32621961534324245,0.5696072579056005
platform/external/rust/crates/want,-0.5244318931103549,-0.3334687265143386,0.6214742167414554
platform/external/rust/crates/weak-table,-0.42036755025785666,-0.3203472733480521,0.5285179777938716
platform/external/rust/crates/webpki,-0.4438767326367401,-0.3233115416757678,0.5491419732246204
platform/external/rust/crates/which,-0.4771866864857794,-0.29617928003747146,0.5616309283531244
platform/external/rust/crates/winnow,0.18941461838125656,-0.14757789643417477,0.24011899794154787
platform/external/rust/crates/x509-cert,-0.37008616334911937,-0.28171453001127517,0.4651094975615363
platform/external/rust/crates/x509-parser,-0.3936399128983893,-0.2846844178050149,0.48579584062405456
platform/external/rust/crates/xml-rs,-0.3536089751785491,-0.2473441516537823,0.4315303427154955
platform/external/rust/crates/yaml-rust,-0.4305288651059807,-0.32162851160154815,0.5374011566460115
platform/external/rust/crates/zerocopy,0.024741558331681734,-0.1128724114418411,0.11555226511573137
platform/external/rust/crates/zerocopy-derive,-0.40774532972324573,-0.2870779868936926,0.4986682509144266
platform/external/rust/crates/zeroize,-0.12286922002226003,-0.1287846918898675,0.1779953428998822
platform/external/rust/crates/zeroize_derive,-0.5018712861820261,-0.29833129104455536,0.5838461673337527
platform/external/rust/crates/zip,-0.3923125164995493,-0.31680981948587766,0.5042594295844982
platform/external/rust/crates/zune-inflate,-0.4705947512834522,-0.3266804115572191,0.5728695411965348
platform/external/rust/cros-libva,-0.040597686794416284,0.018094992886657894,0.04444773268262085
platform/external/rust/cxx,1.4831553796507613,2.338908062674671,2.769519959457158
platform/external/rust/pica,-0.45319127124752046,-0.3244860100748059,0.5573809281534584
platform/external/skia,-0.34439696448199086,-0.13894028974416262,0.37136730235523097
platform/external/stg,0.7400334298983248,0.1052460617650206,0.7474799066758419
platform/external/toolchain-utils,-0.4914744706095316,-0.32931313138951257,0.5916031556427719
platform/external/uwb,-0.053602021562081895,-0.27410187770267525,0.2792937809470061
platform/external/vboot_reference,-0.5349274617363777,-0.3347921107630155,0.6310571659912271
platform/external/virtio-media,0.020513870712651854,0.051777484455872526,0.05569314848519086
platform/frameworks/compile/libbcc,-0.5306267297940797,-0.3342498322916893,0.6271265237246642
platform/frameworks/proto_logging,-0.5210351694482249,-0.30074766143492077,0.6016035269681471
platform/hardware/google/pixel,-0.025184020249989846,-0.25884019324716223,0.2600624550299027
platform/packages/modules/Bluetooth,1.992405489635633,1.6405403784137482,2.580901464282612
platform/packages/modules/ConfigInfrastructure,-0.31027367531337313,-0.21791918488009282,0.3791550141185958
platform/packages/modules/Connectivity,-0.23285407846101452,-0.11129732341566105,0.2580854820702214
platform/packages/modules/DnsResolver,0.11686106002482895,0.7503179746247757,0.7593639248707778
platform/packages/modules/Nfc,-0.3840454930508748,-0.25178794590547826,0.45922555507722956
platform/packages/modules/SdkExtensions,-0.5325654017058928,-0.3344942790637379,0.6288977101409488
platform/packages/modules/Uwb,0.4483975725491634,1.5906039394840115,1.652598340604891
platform/packages/modules/Virtualization,3.878710905394076,6.7803653214883735,7.811386060134595
platform/packages/wallpapers/HoloSpiral,-0.5341698198398072,-0.3346965798406057,0.6303643367011581
platform/packages/wallpapers/MagicSmoke,-0.52864349071188,-0.3339997660536166,0.6253157474395732
platform/packages/wallpapers/MusicVisualization,-0.5242536244288089,-0.3334462486502422,0.6213117280928002
platform/packages/wallpapers/NoiseField,-0.531362088105457,-0.33434255348108705,0.6277982253431791
platform/packages/wallpapers/PhaseBeam,-0.533724148135942,-0.33464038518036465,0.6299568665369875
platform/platform_testing,-0.527417893526251,-0.3338452307379537,0.6241973025399464
platform/system/apex,0.6090950231451536,-0.01225776126376174,0.6092183516042459
platform/system/authgraph,-0.37248012567755284,-0.31430915710515067,0.48737222968170424
platform/system/core,-0.233840715910337,-0.13506953025786003,0.27004677080375894
platform/system/cros-codecs,0.884315733491381,0.32345009626268195,0.9416125961735736
platform/system/extras,-0.2238002750606742,-0.2224715401460416,0.31556322550668864
platform/system/keymint,0.13610665216862594,-0.0377619807618865,0.1412479661999153
platform/system/libfmq,0.014545370910456682,-0.14933817606664557,0.15004485544608048
platform/system/librustutils,-0.07881163289449948,-0.19085094472314862,0.20648330823874284
platform/system/logging,-0.24351489190789466,-0.2809483357437537,0.37179492995211566
platform/system/memory/mmd,-0.33880074768305857,-0.21613962374558948,0.4018734671304943
platform/system/secretkeeper,-0.4401108067390801,-0.3228366967967309,0.5458214497499602
platform/system/secure_element,-0.5097692940531935,-0.3316199221924079,0.6081418469028339
platform/system/security,1.2072305924092748,0.7223490081305323,1.406838225524176
platform/system/see/authmgr,-0.4685892286160593,-0.32642753558613435,0.5710786295807526
platform/system/sepolicy,-0.09148829042554213,-0.23076148467926044,0.24823571478811202
platform/system/server_configurable_flags,-0.3299507231093897,-0.21921593439985412,0.3961352112287045
platform/system/tools/aidl,1.7132931612297047,2.8843527290164848,3.3548269883410256
platform/system/tools/mkbootimg,-0.5289108937341991,-0.33403348284976125,0.6255598302124673
platform/system/usb_info_tools,-0.5011901137537905,-0.33053817498276755,0.6003723971382063
platform/tools/adt/idea,-0.5343926556917397,-0.33472467717072624,0.6305680930433423
platform/tools/asuite,-0.4336708506182296,-0.3220246839562476,0.5401576656431527
platform/tools/base,-0.514894518647642,-0.33226616078518006,0.6127945552436885
platform/tools/build,-0.5070284130744231,-0.3312743250319254,0.6056570730125469
platform/tools/netsim,31.38456484003002,-12.740097994289288,33.87183206001917
platform/tools/security,-0.32472689332866445,-0.24426400531173006,0.4063403247793833
tee/optee/ta/keymint,-0.0757055938523292,0.41584900052568435,0.4226839577967733
toolchain/gdb,-0.43284402306049646,-0.19270135753478038,0.4738013945683812
toolchain/llvm-project,-0.4125197361993377,-0.29179341688167193,0.5052879682809124
trusty/app/keymint,-0.3361199266488148,-0.24685230642261885,0.4170283758649658
trusty/app/sample,-0.14220233015661202,-0.03892400265469558,0.14743330927789974
trusty/app/secretkeeper,-0.5249444155697998,-0.33353335037361587,0.6219414242912011
trusty/external/qemu-keycodemapdb,-0.5370221187445436,-0.33505622566614846,0.632973483155909
trusty/host/aidl,1.6329429789551118,2.8742066929740084,3.305687052105111
trusty/lk/trusty,0.27322454915743505,0.025138480837223223,0.2743785660015867
